Tanggal,Terakhir,Pembukaan,Tertinggi,Terendah,Vol.,Perubahan%
2/1/2023,9.225,9.225,9.225,9.1,"7,30M","0,00%"
3/1/2023,9.275,9.2,9.3,9.15,"13,23M","0,54%"
4/1/2023,9.175,9.275,9.3,9.15,"24,21M","-1,08%"
5/1/2023,9,9.15,9.15,8.825,"45,57M","-1,91%"
6/1/2023,8.9,8.975,9.05,8.875,"23,54M","-1,11%"
9/1/2023,9,8.95,9.05,8.875,"19,36M","1,12%"
10/1/2023,8.725,9,9,8.65,"28,45M","-3,06%"
11/1/2023,8.5,8.725,8.725,8.425,"52,77M","-2,58%"
12/1/2023,8.6,8.675,8.75,8.5,"35,71M","1,18%"
13/01/2023,8.675,8.675,8.675,8.575,"15,75M","0,87%"
16/01/2023,8.775,8.7,8.8,8.675,"12,46M","1,15%"
17/01/2023,8.925,8.775,8.975,8.75,"29,42M","1,71%"
18/01/2023,8.875,8.95,9.025,8.8,"21,05M","-0,56%"
19/01/2023,8.95,8.9,8.975,8.825,"14,22M","0,85%"
20/01/2023,9.025,9,9.1,8.9,"15,50M","0,84%"
24/01/2023,9.05,9.075,9.15,8.975,"12,91M","0,28%"
25/01/2023,9.075,9.2,9.25,9.05,"34,08M","0,28%"
26/01/2023,9.475,9.125,9.525,9.075,"38,65M","4,41%"
27/01/2023,9.55,9.6,9.6,9.475,"39,77M","0,79%"
30/01/2023,9.3,9.55,9.55,9.25,"38,73M","-2,62%"
31/01/2023,9.15,9.2,9.3,9.075,"58,42M","-1,61%"
1/2/2023,9.125,9.2,9.25,9.075,"29,44M","-0,27%"
2/2/2023,9.1,9.175,9.2,9.05,"19,29M","-0,27%"
3/2/2023,9.3,9.2,9.325,9.15,"21,39M","2,20%"
6/2/2023,9.35,9.3,9.35,9.15,"19,25M","0,54%"
7/2/2023,9.375,9.35,9.4,9.25,"19,44M","0,27%"
8/2/2023,9.475,9.375,9.5,9.375,"17,03M","1,07%"
9/2/2023,9.55,9.45,9.55,9.425,"23,82M","0,79%"
10/2/2023,9.525,9.525,9.525,9.425,"12,49M","-0,26%"
13/02/2023,9.5,9.575,9.575,9.45,"13,13M","-0,26%"
14/02/2023,9.45,9.5,9.55,9.4,"18,72M","-0,53%"
15/02/2023,9.425,9.45,9.475,9.275,"22,13M","-0,26%"
16/02/2023,9.35,9.45,9.45,9.3,"19,19M","-0,80%"
17/02/2023,9.275,9.35,9.375,9.25,"11,54M","-0,80%"
20/02/2023,9.15,9.275,9.325,9.125,"33,03M","-1,35%"
21/02/2023,9.05,9.15,9.2,9.05,"36,29M","-1,09%"
22/02/2023,8.85,9,9.05,8.8,"51,84M","-2,21%"
23/02/2023,8.95,8.85,9,8.8,"26,37M","1,13%"
24/02/2023,8.9,9,9.125,8.9,"30,73M","-0,56%"
27/02/2023,8.95,8.9,9,8.85,"21,50M","0,56%"
28/02/2023,8.775,9,9,8.775,"54,16M","-1,96%"
1/3/2023,8.95,8.775,8.975,8.775,"24,10M","1,99%"
2/3/2023,8.875,8.95,8.95,8.875,"24,79M","-0,84%"
3/3/2023,8.75,8.875,8.9,8.75,"27,49M","-1,41%"
6/3/2023,8.8,8.8,8.875,8.75,"21,24M","0,57%"
7/3/2023,8.9,8.8,8.925,8.8,"20,31M","1,14%"
8/3/2023,8.875,8.85,8.875,8.8,"13,13M","-0,28%"
9/3/2023,9.15,9,9.225,9,"56,09M","3,10%"
10/3/2023,9.025,9.1,9.125,9,"36,34M","-1,37%"
13/03/2023,9,9.025,9.05,8.875,"43,69M","-0,28%"
14/03/2023,8.775,8.9,8.9,8.75,"63,41M","-2,50%"
15/03/2023,8.8,8.9,8.925,8.775,"45,38M","0,28%"
16/03/2023,8.95,8.875,9.1,8.825,"52,12M","1,70%"
17/03/2023,9.025,9,9.15,8.975,"59,21M","0,84%"
20/03/2023,9,9.025,9.125,8.975,"16,10M","-0,28%"
21/03/2023,9.225,9.05,9.25,8.975,"22,47M","2,50%"
24/03/2023,9.625,9.275,9.725,9.25,"86,91M","4,34%"
27/03/2023,9.5,9.675,9.75,9.5,"55,20M","-1,30%"
28/03/2023,9.025,9.2,9.2,9,"36,44M","-5,00%"
29/03/2023,9.2,9.05,9.25,9.025,"28,91M","1,94%"
30/03/2023,9.35,9.3,9.4,9.25,"33,76M","1,63%"
31/03/2023,9.35,9.35,9.375,9.225,"27,03M","0,00%"
3/4/2023,9.35,9.35,9.4,9.275,"13,30M","0,00%"
4/4/2023,9.35,9.35,9.375,9.2,"17,90M","0,00%"
5/4/2023,9.325,9.35,9.45,9.275,"25,46M","-0,27%"
6/4/2023,9.375,9.325,9.375,9.325,"23,23M","0,54%"
10/4/2023,9.325,9.35,9.375,9.25,"16,50M","-0,53%"
11/4/2023,9.375,9.3,9.4,9.3,"15,80M","0,54%"
12/4/2023,9.35,9.4,9.4,9.35,"21,30M","-0,27%"
13/04/2023,9.375,9.45,9.45,9.35,"24,72M","0,27%"
14/04/2023,9.4,9.425,9.5,9.375,"29,32M","0,27%"
17/04/2023,9.45,9.425,9.45,9.375,"14,27M","0,53%"
18/04/2023,9.475,9.45,9.575,9.4,"29,21M","0,26%"
26/04/2023,9.575,9.55,9.575,9.425,"46,61M","1,06%"
27/04/2023,9.5,9.55,9.6,9.475,"15,35M","-0,78%"
28/04/2023,9.425,9.575,9.575,9.425,"23,07M","-0,79%"
2/5/2023,9.55,9.45,9.55,9.425,"19,48M","1,33%"
3/5/2023,9.475,9.55,9.55,9.4,"11,94M","-0,79%"
4/5/2023,9.3,9.4,9.425,9.275,"20,05M","-1,85%"
5/5/2023,9.25,9.3,9.325,9.15,"24,62M","-0,54%"
8/5/2023,9.15,9.275,9.3,9.15,"16,80M","-1,08%"
9/5/2023,9.125,9.125,9.175,9.05,"18,37M","-0,27%"
10/5/2023,9.2,9.225,9.275,9.175,"17,75M","0,82%"
11/5/2023,9.15,9.15,9.15,9.05,"19,35M","-0,54%"
12/5/2023,9,9.125,9.15,8.975,"23,67M","-1,64%"
15/05/2023,8.9,9,9.025,8.85,"35,48M","-1,11%"
16/05/2023,8.75,8.95,8.975,8.7,"54,16M","-1,69%"
17/05/2023,8.75,8.725,8.825,8.65,"51,08M","0,00%"
19/05/2023,8.825,8.8,8.9,8.75,"43,53M","0,86%"
22/05/2023,8.85,8.825,8.875,8.775,"44,24M","0,28%"
23/05/2023,8.95,8.825,9,8.825,"48,45M","1,13%"
24/05/2023,8.825,8.9,8.95,8.8,"61,86M","-1,40%"
25/05/2023,9,8.825,9.025,8.8,"35,32M","1,98%"
26/05/2023,8.95,9,9.075,8.95,"21,77M","-0,56%"
29/05/2023,9.05,9,9.05,8.95,"13,75M","1,12%"
30/05/2023,9.025,9.025,9.1,8.975,"23,26M","-0,28%"
31/05/2023,9.05,9.1,9.125,9.025,"81,76M","0,28%"
5/6/2023,9,9.05,9.125,9,"26,58M","-0,55%"
6/6/2023,9.2,9,9.25,8.925,"41,12M","2,22%"
7/6/2023,9.15,9.225,9.25,9.075,"28,36M","-0,54%"
8/6/2023,9.2,9.15,9.2,9.075,"17,16M","0,55%"
9/6/2023,9.225,9.2,9.225,9.15,"17,93M","0,27%"
12/6/2023,9.3,9.25,9.3,9.175,"17,17M","0,81%"
13/06/2023,9.125,9.3,9.3,9.1,"20,10M","-1,88%"
14/06/2023,8.975,9.1,9.1,8.95,"45,72M","-1,64%"
15/06/2023,9.1,8.975,9.1,8.95,"17,64M","1,39%"
16/06/2023,9.025,9.075,9.075,8.95,"26,61M","-0,82%"
19/06/2023,9.05,9.025,9.05,8.95,"14,10M","0,28%"
20/06/2023,9.075,9.05,9.075,9,"13,56M","0,28%"
21/06/2023,9.1,9.075,9.1,9,"10,82M","0,28%"
22/06/2023,9.05,9.1,9.225,9.05,"20,89M","-0,55%"
23/06/2023,9.025,9.075,9.1,9.025,"11,17M","-0,28%"
26/06/2023,9.125,9.025,9.125,8.975,"13,86M","1,11%"
27/06/2023,9.15,9.125,9.175,9.075,"16,99M","0,27%"
3/7/2023,9.225,9.2,9.25,9.15,"31,57M","0,82%"
4/7/2023,9.1,9.225,9.225,9.05,"15,97M","-1,36%"
5/7/2023,9.15,9.125,9.15,9.075,"8,36M","0,55%"
6/7/2023,9.1,9.15,9.2,9.075,"24,15M","-0,55%"
7/7/2023,9.075,9.1,9.15,9.075,"12,36M","-0,27%"
10/7/2023,9.05,9.075,9.125,9.05,"9,92M","-0,28%"
11/7/2023,8.975,9.025,9.075,8.975,"23,08M","-0,83%"
12/7/2023,8.95,9,9.025,8.925,"41,96M","-0,28%"
13/07/2023,8.9,8.975,9.025,8.875,"58,00M","-0,56%"
14/07/2023,8.925,8.925,8.975,8.9,"21,80M","0,28%"
17/07/2023,8.95,8.95,9.025,8.95,"30,01M","0,28%"
18/07/2023,8.9,8.95,9,8.9,"38,71M","-0,56%"
20/07/2023,9.05,8.925,9.05,8.925,"31,27M","1,69%"
21/07/2023,9.05,9.05,9.05,9,"9,79M","0,00%"
24/07/2023,9.025,9,9.075,9,"18,74M","-0,28%"
25/07/2023,9.025,9.05,9.125,9.025,"22,98M","0,00%"
26/07/2023,8.95,9.025,9.05,8.925,"52,00M","-0,83%"
27/07/2023,8.9,8.925,8.95,8.9,"42,79M","-0,56%"
28/07/2023,8.875,8.9,8.925,8.8,"40,62M","-0,28%"
31/07/2023,8.875,8.9,8.95,8.825,"32,51M","0,00%"
1/8/2023,8.675,8.825,8.85,8.625,"68,14M","-2,25%"
2/8/2023,8.875,8.7,8.875,8.7,"33,23M","2,31%"
3/8/2023,8.95,8.875,9,8.85,"41,08M","0,85%"
4/8/2023,9,8.95,9.05,8.925,"28,11M","0,56%"
7/8/2023,9,9,9.05,9,"17,52M","0,00%"
8/8/2023,8.925,9,9.025,8.9,"16,45M","-0,83%"
9/8/2023,9.075,8.925,9.1,8.925,"33,84M","1,68%"
10/8/2023,9.1,9.1,9.125,9.05,"24,47M","0,28%"
11/8/2023,9.1,9.1,9.125,9.05,"16,98M","0,00%"
14/08/2023,9.2,9.125,9.25,9.1,"45,22M","1,10%"
15/08/2023,9.1,9.2,9.225,9.1,"24,37M","-1,09%"
16/08/2023,9.1,9.1,9.125,8.95,"33,38M","0,00%"
18/08/2023,9.05,9.075,9.075,8.975,"25,83M","-0,55%"
21/08/2023,9.125,9.075,9.125,9.05,"17,98M","0,83%"
22/08/2023,9.1,9.125,9.15,9.075,"15,36M","-0,27%"
23/08/2023,9.075,9.1,9.125,9.075,"13,67M","-0,27%"
24/08/2023,9.125,9.075,9.15,9.075,"14,25M","0,55%"
25/08/2023,9.1,9.1,9.125,9.05,"13,73M","-0,27%"
28/08/2023,9.1,9.1,9.15,9.075,"10,97M","0,00%"
29/08/2023,9.15,9.1,9.2,9.1,"24,89M","0,55%"
30/08/2023,9.2,9.175,9.3,9.175,"41,63M","0,55%"
31/08/2023,9.175,9.2,9.25,9.175,"32,00M","-0,27%"
1/9/2023,9.175,9.2,9.225,9.175,"8,35M","0,00%"
4/9/2023,9.45,9.25,9.525,9.2,"73,45M","3,00%"
5/9/2023,9.625,9.45,9.7,9.45,"50,33M","1,85%"
6/9/2023,9.575,9.675,9.675,9.575,"30,28M","-0,52%"
7/9/2023,9.5,9.575,9.575,9.4,"26,28M","-0,78%"
8/9/2023,9.375,9.5,9.5,9.35,"24,99M","-1,32%"
11/9/2023,9.45,9.375,9.5,9.3,"27,47M","0,80%"
12/9/2023,9.3,9.45,9.45,9.3,"26,54M","-1,59%"
13/09/2023,9.35,9.325,9.375,9.275,"22,48M","0,54%"
14/09/2023,9.45,9.4,9.5,9.35,"28,60M","1,07%"
15/09/2023,9.475,9.45,9.525,9.425,"36,67M","0,26%"
18/09/2023,9.35,9.475,9.5,9.35,"16,41M","-1,32%"
19/09/2023,9.45,9.375,9.525,9.35,"14,78M","1,07%"
20/09/2023,9.575,9.45,9.675,9.45,"41,11M","1,32%"
21/09/2023,9.6,9.575,9.675,9.55,"28,08M","0,26%"
22/09/2023,9.75,9.65,9.875,9.6,"46,61M","1,56%"
25/09/2023,10.05,9.75,10.05,9.75,"55,50M","3,08%"
26/09/2023,9.975,10.075,10.1,9.95,"63,58M","-0,75%"
27/09/2023,10.125,9.975,10.225,9.95,"46,04M","1,50%"
29/09/2023,10.325,10.175,10.425,10.15,"38,50M","1,98%"
